Paper_No.,Mix_ID,Cement,Fly Ash,Silica Fume,Metakaolin,Nano Clay,Water,Fine Aggregate,Superplasticizer,VMA,Accelerator,Retarder,Fiber Type,Fiber Length (mm),Fiber Volume Fraction,Water/Binder Ratio,Open Time,Static Yield Stress,Dynamic Yield Stress,Plastic Viscosity,Rheometer,Printable,,,,,,,,
2,G1,543.64,101.93,67.95,0,0,283.68,1019.32,0,0,0,0,NULL,0,0,0.397578204,15,300.78,NULL,23.14,Brookfield RSX-SST attached rheometer with a four-blade vane spindle,Yes,,,,,,,,
2,G2,500.38,125.09,62.55,0,0,302.1,938.2,0,0,0,0,NULL,0,0,0.439086073,15,523.41,NULL,26.06,Brookfield RSX-SST attached rheometer with a four-blade vane spindle,Yes,,,,,,,,
2,G3,587.87,97.98,65.32,0,0,313.53,979.79,0,0,0,0,NULL,0,0,0.417388873,15,218.18,NULL,17.83,Brookfield RSX-SST attached rheometer with a four-blade vane spindle,No,,,,,,,,
2,G4,602.53,66.95,66.95,0,0,307.96,1004.22,0,0,0,0,NULL,0,0,0.418179596,15,171.4,NULL,20.15,Brookfield RSX-SST attached rheometer with a four-blade vane spindle,No,,,,,,,,
2,G5,432.18,144.06,72.03,0,0,242.02,1080.45,0,0,0,0,NULL,0,0,0.373332099,15,729.81,NULL,32,Brookfield RSX-SST attached rheometer with a four-blade vane spindle,No,,,,,,,,
2,G6,493.89,123.47,61.74,0,0,311.15,926.04,0,0,0,0,NULL,0,0,0.458179944,15,491.82,NULL,25.93,Brookfield RSX-SST attached rheometer with a four-blade vane spindle,Yes,,,,,,,,
2,G7,524,116.45,58.22,0,0,331.87,873.34,0,0,0,0,NULL,0,0,0.475002505,15,452.62,NULL,25.64,Brookfield RSX-SST attached rheometer with a four-blade vane spindle,Yes,,,,,,,,
2,G8,555.62,123.47,61.74,0,0,311.15,926.04,0,0,0,0,NULL,0,0,0.42000189,15,322.7,NULL,21.84,Brookfield RSX-SST attached rheometer with a four-blade vane spindle,Yes,,,,,,,,
2,G9,496.03,124.01,62,0,0,308.16,930.06,0,0,0,0,NULL,0,0,0.451821008,20,714.22,NULL,29.51,Brookfield RSX-SST attached rheometer with a four-blade vane spindle,No,,,,,,,,
2,G10,522.47,97.96,65.31,0,0,292.91,979.63,0,0,0,0,NULL,0,0,0.427144399,20,639.1,NULL,27.83,Brookfield RSX-SST attached rheometer with a four-blade vane spindle,No,,,,,,,,
2,G11,557.04,131.07,65.53,0,0,291.66,983.01,0,0,0,0,NULL,0,0,0.387001751,10,173.82,NULL,16.98,Brookfield RSX-SST attached rheometer with a four-blade vane spindle,No,,,,,,,,
2,G12,607.32,35.72,71.45,0,0,285.08,1071.75,0,0,0,0,NULL,0,0,0.398997887,10,161.69,NULL,15.54,Brookfield RSX-SST attached rheometer with a four-blade vane spindle,No,,,,,,,,
4,Mix A,759,0,83.5,0,0,166.9,1267,0.6,0,0,0.4,NULL,0,0,0.19810089,0,2400,1200,47.1,Shear vane test,Yes,,,,,,,,
4,Mix B,759,0,83.5,0,0,166.9,1267,0.8,0,0,0.4,NULL,0,0,0.19810089,0,3500,1800,26.1,Shear vane test,Yes,,,,,,,,
4,Mix C,833,0,91.63,0,0,183.3,1175,0.6,0,0,0.4,NULL,0,0,0.198241459,0,3500,1600,24.2,Shear vane test,Yes,,,,,,,,
5,Rheo 1,579,165,83,0,0,261,NULL,1.48,0,0,0,NULL,0,0,0.315598549,0,1907.8,999.8,NULL,ICAR Rheometer,Yes,,,,,,,,
6,M1 10,1000,0,0,0,0,320,1000,0,0,0,0,NULL,0,0,0.32,10,850,NULL,NULL,ConTec 6 rheometer,Yes,,,,,,,,
6,M1 20,1000,0,0,0,0,320,1000,0,0,0,0,NULL,0,0,0.32,20,1030,NULL,NULL,ConTec 6 rheometer,No,,,,,,,,
6,M2 10,1000,0,0,0,0.5,320,1000,0.36,0,0,0,NULL,0,0,0.32,10,1420,NULL,NULL,ConTec 6 rheometer,Yes,,,,,,,,
6,M2 20,1000,0,0,0,0.5,320,1000,0.36,0,0,0,NULL,0,0,0.32,20,1900,NULL,NULL,ConTec 6 rheometer,No,,,,,,,,
6,M3 10,1000,0,0,0,0,320,1000,0.28,1,0,0,NULL,0,0,0.32,10,1250,NULL,NULL,ConTec 6 rheometer,Yes,,,,,,,,
6,M3 20,1000,0,0,0,0,320,1000,0.28,1,0,0,NULL,0,0,0.32,20,1300,NULL,NULL,ConTec 6 rheometer,Yes,,,,,,,,
6,M4 10,750,200,50,0,0,320,1000,0.18,0,0,0,NULL,0,0,0.32,10,1130,NULL,NULL,ConTec 6 rheometer,No,,,,,,,,
6,M4 20,750,200,50,0,0,320,1000,0.18,0,0,0,NULL,0,0,0.32,20,1350,NULL,NULL,ConTec 6 rheometer,No,,,,,,,,
7,A5,655.32,234.04,46.81,0,0.5,327.66,936.17,0.3,NULL,0,0,NULL,0,0,0.350000534,5,70,NULL,NULL,Anton Par MCR 102 rotational rheometer,No,,,,,,,,Quartz 1 
7,A10,655.32,234.04,46.81,0,0.5,327.66,936.17,0.3,NULL,0,0,NULL,0,0,0.350000534,10,195,NULL,NULL,Anton Par MCR 102 rotational rheometer,No,,,,,,,,Quartz 1 
7,A15,655.32,234.04,46.81,0,0.5,327.66,936.17,0.3,NULL,0,0,NULL,0,0,0.350000534,15,550,NULL,NULL,Anton Par MCR 102 rotational rheometer,Yes,,,,,,,,Quartz 1 
7,A20,655.32,234.04,46.81,0,0.5,327.66,936.17,0.3,NULL,0,0,NULL,0,0,0.350000534,20,960,76.2,4,Anton Par MCR 102 rotational rheometer,Yes,,,,,,,,Quartz 1 
7,B5,733.33,261.9,52.38,0,0.5,366.67,785.71,0.3,NULL,0,0,NULL,0,0,0.350006205,5,40,NULL,NULL,Anton Par MCR 102 rotational rheometer,No,,,,,,,,Quartz 1 
7,B10,733.33,261.9,52.38,0,0.5,366.67,785.71,0.3,NULL,0,0,NULL,0,0,0.350006205,10,175,NULL,NULL,Anton Par MCR 102 rotational rheometer,No,,,,,,,,Quartz 1 
7,B15,733.33,261.9,52.38,0,0.5,366.67,785.71,0.3,NULL,0,0,NULL,0,0,0.350006205,15,625,NULL,NULL,Anton Par MCR 102 rotational rheometer,Yes,,,,,,,,Quartz 1 
7,B20,733.33,261.9,52.38,0,0.5,366.67,785.71,0.3,NULL,0,0,NULL,0,0,0.350006205,20,1115,58.6,1.7,Anton Par MCR 102 rotational rheometer,Yes,,,,,,,,Quartz 1 
7,C5,655.32,234.04,46.81,0,0.5,327.66,936.17,0.3,NULL,0,0,NULL,0,0,0.350000534,5,50,NULL,NULL,Anton Par MCR 102 rotational rheometer,No,,,,,,,,Quartz 2
7,C10,655.32,234.04,46.81,0,0.5,327.66,936.17,0.3,NULL,0,0,NULL,0,0,0.350000534,10,190,NULL,NULL,Anton Par MCR 102 rotational rheometer,No,,,,,,,,Quartz 2
7,C15,655.32,234.04,46.81,0,0.5,327.66,936.17,0.3,NULL,0,0,NULL,0,0,0.350000534,15,615,NULL,NULL,Anton Par MCR 102 rotational rheometer,Yes,,,,,,,,Quartz 2
7,C20,655.32,234.04,46.81,0,0.5,327.66,936.17,0.3,NULL,0,0,NULL,0,0,0.350000534,20,950,65.3,2.1,Anton Par MCR 102 rotational rheometer,Yes,,,,,,,,Quartz 2
7,D5,733.33,261.9,52.38,0,0.5,366.67,785.71,0.3,NULL,0,0,NULL,0,0,0.350006205,5,95,NULL,NULL,Anton Par MCR 102 rotational rheometer,No,,,,,,,,Quartz 2
7,D10,733.33,261.9,52.38,0,0.5,366.67,785.71,0.3,NULL,0,0,NULL,0,0,0.350006205,10,275,NULL,NULL,Anton Par MCR 102 rotational rheometer,Yes,,,,,,,,Quartz 2
7,D15,733.33,261.9,52.38,0,0.5,366.67,785.71,0.3,NULL,0,0,NULL,0,0,0.350006205,15,695,NULL,NULL,Anton Par MCR 102 rotational rheometer,Yes,,,,,,,,Quartz 2
7,D20,733.33,261.9,52.38,0,0.5,366.67,785.71,0.3,NULL,0,0,NULL,0,0,0.350006205,20,1100,58.3,1.9,Anton Par MCR 102 rotational rheometer,Yes,,,,,,,,Quartz 2
8,CM5,257,578,21,0,0,299.6,1044,NULL,NULL,0,0,NULL,0,0,0.35,5,3200,NULL,NULL,Anton Par MCR 102 rotational rheometer,No,,,,,,,,
8,CM15,257,578,21,0,0,299.6,1044,NULL,NULL,0,0,NULL,0,0,0.35,15,4080,NULL,NULL,Anton Par MCR 102 rotational rheometer,No,,,,,,,,
8,NM5,257,578,21,0,0.5,299.6,1044,NULL,NULL,0,0,NULL,0,0,0.35,5,5300,NULL,NULL,Anton Par MCR 102 rotational rheometer,Yes,,,,,,,,
8,NM15,257,578,21,0,0.5,299.6,1044,NULL,NULL,0,0,NULL,0,0,0.35,15,6600,NULL,NULL,Anton Par MCR 102 rotational rheometer,Yes,,,,,,,,
9,Mix SF0,574,164,82,0,0,262.2,1230,0.17,NULL,0,0,PP,12,0.22,0.32,0,1600,NULL,NULL,Shear vane test,Yes,,,,,,,,
9,Mix SF15,574,164,82,0,0,262.2,1230,0.17,NULL,0,0,PP,12,0.22,0.32,15,2100,NULL,NULL,Shear vane test,Yes,,,,,,,,
9,Mix SF30,574,164,82,0,0,262.2,1230,0.17,NULL,0,0,PP,12,0.22,0.32,30,2900,NULL,NULL,Shear vane test,Yes,,,,,,,,
9,Mix SF45,574,164,82,0,0,262.2,1230,0.17,NULL,0,0,PP,12,0.22,0.32,45,4400,NULL,NULL,Shear vane test,No,,,,,,,,
9,Mix SF60,574,164,82,0,0,262.2,1230,0.17,NULL,0,0,PP,12,0.22,0.32,60,6400,NULL,NULL,Shear vane test,No,,,,,,,,
9,Mix SF75,574,164,82,0,0,262.2,1230,0.17,NULL,0,0,PP,12,0.22,0.32,75,9500,NULL,NULL,Shear vane test,No,,,,,,,,
9,Mix NC0,663,166,0,0,0.3,265.2,1243,0.13,NULL,0,0,PP,12,0.22,0.32,0,1600,NULL,NULL,Shear vane test,Yes,,,,,,,,
9,Mix NC15,663,166,0,0,0.3,265.2,1243,0.13,NULL,0,0,PP,12,0.22,0.32,15,2000,NULL,NULL,Shear vane test,Yes,,,,,,,,
9,Mix NC30,663,166,0,0,0.3,265.2,1243,0.13,NULL,0,0,PP,12,0.22,0.32,30,2500,NULL,NULL,Shear vane test,Yes,,,,,,,,
9,Mix NC45,663,166,0,0,0.3,265.2,1243,0.13,NULL,0,0,PP,12,0.22,0.32,45,3500,NULL,NULL,Shear vane test,No,,,,,,,,
9,Mix NC60,663,166,0,0,0.3,265.2,1243,0.13,NULL,0,0,PP,12,0.22,0.32,60,4900,NULL,NULL,Shear vane test,No,,,,,,,,
9,Mix NC75,663,166,0,0,0.3,265.2,1243,0.13,NULL,0,0,PP,12,0.22,0.32,75,6500,NULL,NULL,Shear vane test,No,,,,,,,,
9,Mix VM0,663,166,0,0,0,265.2,1243,0.18,0.1,0,0,PP,12,0.22,0.32,0,1600,NULL,NULL,Shear vane test,Yes,,,,,,,,
9,Mix VM15,663,166,0,0,0,265.2,1243,0.18,0.1,0,0,PP,12,0.22,0.32,15,1900,NULL,NULL,Shear vane test,Yes,,,,,,,,
9,Mix VM30,663,166,0,0,0,265.2,1243,0.18,0.1,0,0,PP,12,0.22,0.32,30,2300,NULL,NULL,Shear vane test,Yes,,,,,,,,
9,Mix VM45,663,166,0,0,0,265.2,1243,0.18,0.1,0,0,PP,12,0.22,0.32,45,2900,NULL,NULL,Shear vane test,Yes,,,,,,,,
9,Mix VM60,663,166,0,0,0,265.2,1243,0.18,0.1,0,0,PP,12,0.22,0.32,60,3900,NULL,NULL,Shear vane test,No,,,,,,,,
9,Mix VM75,663,166,0,0,0,265.2,1243,0.18,0.1,0,0,PP,12,0.22,0.32,75,4900,NULL,NULL,Shear vane test,No,,,,,,,,
10,M4-1,579,165,83,0,0,232,1241,0.5,0,0,0,PP,12,0.16,0.28,0,2600,NULL,NULL,Shear vane test,No,,,,,,,,
10,M4-2,579,165,83,0,0,232,1241,1,0,0,0,PP,12,0.16,0.28,0,550,NULL,NULL,Shear vane test,Yes,,,,,,,,
10,M4-3,579,165,83,0,0,232,1241,1.5,0,0,0,PP,12,0.16,0.28,0,360,NULL,NULL,Shear vane test,Yes,,,,,,,,
10,M4-4,579,165,83,0,0,232,1241,2,0,0,0,PP,12,0.16,0.28,0,210,NULL,NULL,Shear vane test,No,,,,,,,,
10,M4-5,579,165,83,0,0,232,1241,1,0,0,0.5,PP,12,0.16,0.28,0,730,NULL,NULL,Shear vane test,Yes,,,,,,,,
10,M4-6,579,165,83,0,0,232,1241,1,0,0,1,PP,12,0.16,0.28,0,980,NULL,NULL,Shear vane test,No,,,,,,,,
10,M4-7,579,165,83,0,0,232,1241,1,0,0,1.5,PP,12,0.16,0.28,0,1230,NULL,NULL,Shear vane test,No,,,,,,,,
10,M4-8,579,165,83,0,0,232,1241,1,0,0,2,PP,12,0.16,0.28,0,1480,NULL,NULL,Shear vane test,No,,,,,,,,
10,M4-9,579,165,83,0,0,232,1241,1,0,1,0,PP,12,0.16,0.28,0,680,NULL,NULL,Shear vane test,Yes,,,,,,,,
10,M4-10,579,165,83,0,0,232,1241,1,0,3,0,PP,12,0.16,0.28,0,1540,NULL,NULL,Shear vane test,No,,,,,,,,
10,M4-11,579,165,83,0,0,232,1241,1,0,5,0,PP,12,0.16,0.28,0,3200,NULL,NULL,Shear vane test,No,,,,,,,,
12,Mixture F,759,759,76,0,0,227.6,1092,0.08,0,0,0,NULL,0,0,NULL,0,1874,208.4,16.95,Viskomat XL,Yes,,,,,,,,
13,S/C 0.6 0m,1105.1,0,22.1,0,2,386.8,663.1,0.26,0,0,0,NULL,0,0,0.35,0,NULL,135,3.5,,No,,,,,,,,
13,S/C 0.6 15m,1105.1,0,22.1,0,2,386.8,663.1,0.26,0,0,0,NULL,0,0,0.35,15,NULL,155,3.52,,No,,,,,,,,
13,S/C 0.6 30m,1105.1,0,22.1,0,2,386.8,663.1,0.26,0,0,0,NULL,0,0,0.35,30,NULL,158,3.6,,No,,,,,,,,
13,S/C 0.8 0m,1003.4,0,20.1,0,2,351.2,802.7,0.26,0,0,0,NULL,0,0,0.35,0,NULL,178,3.81,,No,,,,,,,,
13,S/C 0.8 15m,1003.4,0,20.1,0,2,351.2,802.7,0.26,0,0,0,NULL,0,0,0.35,15,NULL,206,3.98,,Yes,,,,,,,,
13,S/C 1.0 0m,919.5,0,18.4,0,2,321.8,919.5,0.26,0,0,0,NULL,0,0,0.35,0,NULL,182,3.84,,Yes,,,,,,,,
13,S/C 1.0 15m,919.5,0,18.4,0,2,321.8,919.5,0.26,0,0,0,NULL,0,0,0.35,15,NULL,194,4.31,,Yes,,,,,,,,
13,S/C 1.2 0m,849.3,0,17,0,2,297.3,1019.2,0.26,0,0,0,NULL,0,0,0.35,0,NULL,310,4.14,,Yes,,,,,,,,
14,REF PP 1.2 0,607,0,0,0,0,305,1230,0.022,0,0,0,PP,6,0.13,0.502,0,1286,NULL,NULL,Shear vane test,Yes,,,,,,,,
14,REF PP 1.2 15,607,0,0,0,0,305,1230,0.022,0,0,0,PP,6,0.13,0.502,15,1335,NULL,NULL,Shear vane test,Yes,,,,,,,,
14,REF PP 1.2 30,607,0,0,0,0,305,1230,0.022,0,0,0,PP,6,0.13,0.502,30,1398,NULL,NULL,Shear vane test,Yes,,,,,,,,
14,REF PP 1.2 45,607,0,0,0,0,305,1230,0.022,0,0,0,PP,6,0.13,0.502,45,1438,NULL,NULL,Shear vane test,Yes,,,,,,,,
14,REF PP 1.2 60,607,0,0,0,0,305,1230,0.022,0,0,0,PP,6,0.13,0.502,60,1473,NULL,NULL,Shear vane test,Yes,,,,,,,,
14,REF PP 1.2 75,607,0,0,0,0,305,1230,0.022,0,0,0,PP,6,0.13,0.502,75,1488,NULL,NULL,Shear vane test,No,,,,,,,,
14,REF PP 1.2 90,607,0,0,0,0,305,1230,0.022,0,0,0,PP,6,0.13,0.502,90,1495,NULL,NULL,Shear vane test,No,,,,,,,,
14,REF PP 2.4 0,607,0,0,0,0,305,1230,0.022,0,0,0,PP,6,0.26,0.502,0,1360,NULL,NULL,Shear vane test,Yes,,,,,,,,
14,REF PP 2.4 15,607,0,0,0,0,305,1230,0.022,0,0,0,PP,6,0.26,0.502,15,1432,NULL,NULL,Shear vane test,Yes,,,,,,,,
14,REF PP 2.4 30,607,0,0,0,0,305,1230,0.022,0,0,0,PP,6,0.26,0.502,30,1486,NULL,NULL,Shear vane test,Yes,,,,,,,,
14,REF PP 2.4 45,607,0,0,0,0,305,1230,0.022,0,0,0,PP,6,0.26,0.502,45,1486,NULL,NULL,Shear vane test,Yes,,,,,,,,
14,REF PP 2.4 60,607,0,0,0,0,305,1230,0.022,0,0,0,PP,6,0.26,0.502,60,1518,NULL,NULL,Shear vane test,No,,,,,,,,
14,REF PP 3.6,607,0,0,0,0,305,1230,0.022,0,0,0,PP,6,0.4,0.502,0,1507,NULL,NULL,Shear vane test,No,,,,,,,,
14,FA 30 - SP 0.2 - PP 1.2 0,435,172,0,0,0,305,1205,0.2,0,0,0,PP,6,0.13,0.502,0,1334,NULL,NULL,Shear vane test,Yes,,,,,,,,
14,FA 30 - SP 0.2 - PP 1.2 15,435,172,0,0,0,305,1205,0.2,0,0,0,PP,6,0.13,0.502,15,1245,NULL,NULL,Shear vane test,Yes,,,,,,,,
14,FA 30 - SP 0.2 - PP 1.2 30,435,172,0,0,0,305,1205,0.2,0,0,0,PP,6,0.13,0.502,30,1262,NULL,NULL,Shear vane test,Yes,,,,,,,,
14,FA 30 - SP 0.2 - PP 1.2 45,435,172,0,0,0,305,1205,0.2,0,0,0,PP,6,0.13,0.502,45,1352,NULL,NULL,Shear vane test,Yes,,,,,,,,
14,FA 30 - SP 0.2 - PP 1.2 60,435,172,0,0,0,305,1205,0.2,0,0,0,PP,6,0.13,0.502,60,1368,NULL,NULL,Shear vane test,Yes,,,,,,,,
14,FA 30 - SP 0.2 - PP 1.2 75,435,172,0,0,0,305,1205,0.2,0,0,0,PP,6,0.13,0.502,75,1425,NULL,NULL,Shear vane test,No,,,,,,,,
14,FA 30 - SP 0.2 - PP 1.2 90,435,172,0,0,0,305,1205,0.2,0,0,0,PP,6,0.13,0.502,90,1450,NULL,NULL,Shear vane test,No,,,,,,,,
14,FA 30 - SP 0.2 - PP 1.2 105,435,172,0,0,0,305,1205,0.2,0,0,0,PP,6,0.13,0.502,105,1472,NULL,NULL,Shear vane test,No,,,,,,,,
14,FA 30 - SP 0.2 - PP 1.2 120,435,172,0,0,0,305,1205,0.2,0,0,0,PP,6,0.13,0.502,120,1456,NULL,NULL,Shear vane test,No,,,,,,,,
14,FA 30 - SP 0.2 - PP 1.2 135,435,172,0,0,0,305,1205,0.2,0,0,0,PP,6,0.13,0.502,135,1472,NULL,NULL,Shear vane test,No,,,,,,,,
14,FA 30 - SP 0.2 - PP 2.4 0,435,172,0,0,0,305,1205,0.2,0,0,0,PP,6,0.26,0.502,0,1674,NULL,NULL,Shear vane test,No,,,,,,,,
14,FA 30 - SP 0.2 - PP 2.4 15,435,172,0,0,0,305,1205,0.2,0,0,0,PP,6,0.26,0.502,15,1352,NULL,NULL,Shear vane test,Yes,,,,,,,,
14,FA 30 - SP 0.2 - PP 2.4 30,435,172,0,0,0,305,1205,0.2,0,0,0,PP,6,0.26,0.502,30,1402,NULL,NULL,Shear vane test,Yes,,,,,,,,
14,FA 30 - SP 0.2 - PP 2.4 45,435,172,0,0,0,305,1205,0.2,0,0,0,PP,6,0.26,0.502,45,1435,NULL,NULL,Shear vane test,Yes,,,,,,,,
14,FA 30 - SP 0.2 - PP 2.4 60,435,172,0,0,0,305,1205,0.2,0,0,0,PP,6,0.26,0.502,60,1460,NULL,NULL,Shear vane test,Yes,,,,,,,,
14,FA 30 - SP 0.2 - PP 2.4 75,435,172,0,0,0,305,1205,0.2,0,0,0,PP,6,0.26,0.502,75,1482,NULL,NULL,Shear vane test,No,,,,,,,,
14,REF-MTK15-SP0.44-PP1.2,516,0,0,91,0,305,1225,0.44,0,0,0,PP,6,0.13,0.502,0,1464,NULL,NULL,Shear vane test,Yes,,,,,,,,
14,FA30-MTK15-SP0.44-PP1.2,334,182,0,91,0,305,1180,0.44,0,0,0,PP,6,0.13,0.502,0,1444,NULL,NULL,Shear vane test,Yes,,,,,,,,
14,FA30-MTK10-SP0.44-PP1.2,364,182,0,61,0,305,1184,0.44,0,0,0,PP,6,0.13,0.502,0,1369,NULL,NULL,Shear vane test,Yes,,,,,,,,
